name,student_id,gender
田中 陽介,56566922,男
山田 紗季,77046738,女
佐藤 健太,26584579,男
高橋 彩乃,97206192,女
清水 遥,92639672,女
渡辺 結衣,86123487,女
清水 健,11463778,男
伊藤 美優,64904694,女
井上 美咲,16756287,女
吉田 菜々子,48646772,女
佐々木 遥,41979522,女
斎藤 紗季,17725809,女
松本 美優,78111502,女
井上 拓海,87989442,男
井上 翔太,11346583,男
清水 翔,42776200,男
井上 遥,99470077,女
木村 菜々子,37533551,女
山口 結菜,78983484,女
山口 翔,11126050,男
林 翔太,79662439,男
佐々木 紗季,21090131,女
木村 美月,81825567,女
伊藤 琴音,31166301,女
山本 琴音,91826860,女
高橋 菜々子,28589709,女
山口 健,43621024,男
山田 一樹,22124074,男
山田 陽菜,40735046,女
林 翔太,44125500,男
山口 愛,34117228,女
山田 陽菜,53756404,女
中村 結衣,51531756,女
松本 直樹,36589818,男
木村 悠真,14041043,男
山田 美優,69802503,女
佐々木 陽介,55444469,男
田中 彩花,45906007,女
佐藤 美優,73683840,女
山田 琴音,47988608,女
山本 茜,74636526,女
小林 結衣,14787460,女
斎藤 蓮,70398594,男
佐々木 佳奈,11105176,女
松本 優,29189205,男
中村 颯太,19214147,男
伊藤 雄大,46372939,男
伊藤 祐介,31234642,男
高橋 健太,59983569,男
伊藤 拓海,98148810,男
